,Demographic Category,Specific Demographic,Fiscal Year,SO/ES/TH/SH/PH,Numerator,Denominator,Rate,Fiscal Year Start Date,Fiscal Year End Date,Year,Rate_Change
19,AGE CATEGORY,Adult 18-24,2017,SO,0,0,0.0,2016-10-01,2017-09-30,2016,0.47892720306513414
45,AGE CATEGORY,Adult 18-24,2017,ES,4,22,0.12949640287769784,2016-10-01,2017-09-30,2016,0.5478927203065135
71,AGE CATEGORY,Adult 18-24,2017,TH,2,27,0.05035971223021584,2016-10-01,2017-09-30,2016,0.4367816091954023
97,AGE CATEGORY,Adult 18-24,2017,SH,0,0,0.0,2016-10-01,2017-09-30,2016,0.45210727969348663
123,AGE CATEGORY,Adult 18-24,2017,PH,7,52,0.09352517985611512,2016-10-01,2017-09-30,2016,0.5287356321839081
149,AGE CATEGORY,Adult 18-24,2018,SO,1,5,0.14388489208633096,2017-10-01,2018-09-30,2017,0.5057471264367817
175,AGE CATEGORY,Adult 18-24,2018,ES,5,35,0.10071942446043168,2017-10-01,2018-09-30,2017,0.45593869731800774
201,AGE CATEGORY,Adult 18-24,2018,TH,5,28,0.12949640287769784,2017-10-01,2018-09-30,2017,0.49425287356321845
227,AGE CATEGORY,Adult 18-24,2018,SH,0,0,0.0,2017-10-01,2018-09-30,2017,0.4099616858237548
253,AGE CATEGORY,Adult 18-24,2018,PH,7,23,0.21582733812949642,2017-10-01,2018-09-30,2017,0.5938697318007663
279,AGE CATEGORY,Adult 18-24,2019,SO,0,3,0.0,2018-10-01,2019-09-30,2018,0.363984674329502
305,AGE CATEGORY,Adult 18-24,2019,ES,7,36,0.1366906474820144,2018-10-01,2019-09-30,2018,0.5517241379310345
331,AGE CATEGORY,Adult 18-24,2019,TH,10,47,0.1510791366906475,2018-10-01,2019-09-30,2018,0.4865900383141763
357,AGE CATEGORY,Adult 18-24,2019,SH,0,0,0.0,2018-10-01,2019-09-30,2018,0.3984674329501916
383,AGE CATEGORY,Adult 18-24,2019,PH,8,43,0.1366906474820144,2018-10-01,2019-09-30,2018,0.5517241379310345
18,AGE CATEGORY,Adult 25-61,2017,SO,0,0,0.0,2016-10-01,2017-09-30,2016,0.47892720306513414
44,AGE CATEGORY,Adult 25-61,2017,ES,82,260,0.23021582733812954,2016-10-01,2017-09-30,2016,0.6015325670498085
70,AGE CATEGORY,Adult 25-61,2017,TH,1,34,0.02158273381294964,2016-10-01,2017-09-30,2016,0.367816091954023
96,AGE CATEGORY,Adult 25-61,2017,SH,7,28,0.1798561151079137,2016-10-01,2017-09-30,2016,0.5632183908045978
122,AGE CATEGORY,Adult 25-61,2017,PH,75,402,0.1366906474820144,2016-10-01,2017-09-30,2016,0.45593869731800774
148,AGE CATEGORY,Adult 25-61,2018,SO,2,3,0.4820143884892087,2017-10-01,2018-09-30,2017,0.6628352490421456
174,AGE CATEGORY,Adult 25-61,2018,ES,80,330,0.17266187050359713,2017-10-01,2018-09-30,2017,0.31417624521072796
200,AGE CATEGORY,Adult 25-61,2018,TH,13,69,0.1366906474820144,2017-10-01,2018-09-30,2017,0.4597701149425288
226,AGE CATEGORY,Adult 25-61,2018,SH,6,26,0.1654676258992806,2017-10-01,2018-09-30,2017,0.49425287356321845
252,AGE CATEGORY,Adult 25-61,2018,PH,98,444,0.15827338129496404,2017-10-01,2018-09-30,2017,0.4750957854406131
278,AGE CATEGORY,Adult 25-61,2019,SO,3,6,0.3597122302158274,2018-10-01,2019-09-30,2018,0.5862068965517242
304,AGE CATEGORY,Adult 25-61,2019,ES,68,310,0.15827338129496404,2018-10-01,2019-09-30,2018,0.3716475095785441
330,AGE CATEGORY,Adult 25-61,2019,TH,2,22,0.06474820143884892,2018-10-01,2019-09-30,2018,0.4291187739463602
356,AGE CATEGORY,Adult 25-61,2019,SH,5,26,0.1366906474820144,2018-10-01,2019-09-30,2018,0.5172413793103449
382,AGE CATEGORY,Adult 25-61,2019,PH,89,475,0.1366906474820144,2018-10-01,2019-09-30,2018,0.47892720306513414
459,AGE,Adult under 62,2020,ES,113,521,0.15827338129496404,2019-10-01,2020-09-30,2019,0.47892720306513414
463,AGE,Adult under 62,2020,PH,68,344,0.14388489208633096,2019-10-01,2020-09-30,2019,0.471264367816092
468,AGE,Adult under 62,2020,SH,8,23,0.2517985611510791,2019-10-01,2020-09-30,2019,0.5363984674329503
470,AGE,Adult under 62,2020,SO,4,24,0.12230215827338131,2019-10-01,2020-09-30,2019,0.40996168582375486
473,AGE,Adult under 62,2020,TH,12,64,0.1366906474820144,2019-10-01,2020-09-30,2019,0.4865900383141763
557,AGE,Adult under 62,2021,ES,169,586,0.20863309352517986,2020-10-01,2021-09-30,2020,0.5172413793103449
561,AGE,Adult under 62,2021,PH,75,440,0.12230215827338131,2020-10-01,2021-09-30,2020,0.43295019157088127
565,AGE,Adult under 62,2021,SH,2,21,0.07194244604316548,2020-10-01,2021-09-30,2020,0.45210727969348663
568,AGE,Adult under 62,2021,SO,9,27,0.2374100719424461,2020-10-01,2021-09-30,2020,0.5670498084291188
572,AGE,Adult under 62,2021,TH,4,67,0.04316546762589928,2020-10-01,2021-09-30,2020,0.3754789272030652
390,RACE,AmIndAKNative,2020,ES,0,1,0.0,2019-10-01,2020-09-30,2019,0.47892720306513414
397,RACE,AmIndAKNative,2020,PH,0,12,0.0,2019-10-01,2020-09-30,2019,0.47892720306513414
403,RACE,AmIndAKNative,2020,SH,0,1,0.0,2019-10-01,2020-09-30,2019,0.47892720306513414
408,RACE,AmIndAKNative,2020,SO,0,1,0.0,2019-10-01,2020-09-30,2019,0.47892720306513414
490,RACE,AmIndAKNative,2021,ES,4,10,0.2877697841726619,2020-10-01,2021-09-30,2020,0.632183908045977
497,RACE,AmIndAKNative,2021,PH,3,17,0.12949640287769784,2020-10-01,2021-09-30,2020,0.3946360153256705
511,RACE,AmIndAKNative,2021,TH,0,4,0.0,2020-10-01,2021-09-30,2020,0.4099616858237548
0,RACE,American Indian or Alaskan Native,2017,SO,0,0,0.0,2016-10-01,2017-09-30,2016,0.47892720306513414
26,RACE,American Indian or Alaskan Native,2017,ES,1,3,0.2374100719424461,2016-10-01,2017-09-30,2016,0.6053639846743295
52,RACE,American Indian or Alaskan Native,2017,TH,0,1,0.0,2016-10-01,2017-09-30,2016,0.35249042145593873
78,RACE,American Indian or Alaskan Native,2017,SH,0,3,0.0,2016-10-01,2017-09-30,2016,0.47892720306513414
104,RACE,American Indian or Alaskan Native,2017,PH,0,1,0.0,2016-10-01,2017-09-30,2016,0.47892720306513414
130,RACE,American Indian or Alaskan Native,2018,SO,0,0,0.0,2017-10-01,2018-09-30,2017,0.47892720306513414
156,RACE,American Indian or Alaskan Native,2018,ES,2,3,0.4820143884892087,2017-10-01,2018-09-30,2017,0.735632183908046
182,RACE,American Indian or Alaskan Native,2018,TH,0,0,0.0,2017-10-01,2018-09-30,2017,0.22222222222222227
208,RACE,American Indian or Alaskan Native,2018,SH,0,0,0.0,2017-10-01,2018-09-30,2017,0.47892720306513414
234,RACE,American Indian or Alaskan Native,2018,PH,0,5,0.0,2017-10-01,2018-09-30,2017,0.47892720306513414
260,RACE,American Indian or Alaskan Native,2019,SO,0,0,0.0,2018-10-01,2019-09-30,2018,0.47892720306513414
286,RACE,American Indian or Alaskan Native,2019,ES,1,4,0.1798561151079137,2018-10-01,2019-09-30,2018,0.574712643678161
312,RACE,American Indian or Alaskan Native,2019,TH,0,0,0.0,2018-10-01,2019-09-30,2018,0.3831417624521073
338,RACE,American Indian or Alaskan Native,2019,SH,0,0,0.0,2018-10-01,2019-09-30,2018,0.47892720306513414
364,RACE,American Indian or Alaskan Native,2019,PH,2,9,0.15827338129496404,2018-10-01,2019-09-30,2018,0.5632183908045978
1,RACE,Asian,2017,SO,0,0,0.0,2016-10-01,2017-09-30,2016,0.47892720306513414
27,RACE,Asian,2017,ES,0,11,0.0,2016-10-01,2017-09-30,2016,0.47892720306513414
53,RACE,Asian,2017,TH,0,0,0.0,2016-10-01,2017-09-30,2016,0.47892720306513414
79,RACE,Asian,2017,SH,0,0,0.0,2016-10-01,2017-09-30,2016,0.47892720306513414
105,RACE,Asian,2017,PH,0,4,0.0,2016-10-01,2017-09-30,2016,0.47892720306513414
131,RACE,Asian,2018,SO,0,0,0.0,2017-10-01,2018-09-30,2017,0.47892720306513414
157,RACE,Asian,2018,ES,1,8,0.09352517985611512,2017-10-01,2018-09-30,2017,0.5287356321839081
183,RACE,Asian,2018,TH,0,1,0.0,2017-10-01,2018-09-30,2017,0.4291187739463602
209,RACE,Asian,2018,SH,0,0,0.0,2017-10-01,2018-09-30,2017,0.47892720306513414
235,RACE,Asian,2018,PH,0,2,0.0,2017-10-01,2018-09-30,2017,0.47892720306513414
261,RACE,Asian,2019,SO,0,0,0.0,2018-10-01,2019-09-30,2018,0.47892720306513414
287,RACE,Asian,2019,ES,0,2,0.0,2018-10-01,2019-09-30,2018,0.47892720306513414
313,RACE,Asian,2019,TH,0,1,0.0,2018-10-01,2019-09-30,2018,0.47892720306513414
339,RACE,Asian,2019,SH,0,1,0.0,2018-10-01,2019-09-30,2018,0.47892720306513414
365,RACE,Asian,2019,PH,0,3,0.0,2018-10-01,2019-09-30,2018,0.47892720306513414
391,RACE,Asian,2020,ES,1,8,0.09352517985611512,2019-10-01,2020-09-30,2019,0.5287356321839081
398,RACE,Asian,2020,PH,0,1,0.0,2019-10-01,2020-09-30,2019,0.4291187739463602
491,RACE,Asian,2021,ES,0,5,0.0,2020-10-01,2021-09-30,2020,0.47892720306513414
498,RACE,Asian,2021,PH,2,4,0.3597122302158274,2020-10-01,2021-09-30,2020,0.6704980842911878
512,RACE,Asian,2021,TH,0,1,0.0,2020-10-01,2021-09-30,2020,0.2873563218390805
2,RACE,Black or African American,2017,SO,0,0,0.0,2016-10-01,2017-09-30,2016,0.47892720306513414
28,RACE,Black or African American,2017,ES,57,202,0.20143884892086336,2016-10-01,2017-09-30,2016,0.5862068965517242
54,RACE,Black or African American,2017,TH,3,59,0.03597122302158274,2016-10-01,2017-09-30,2016,0.39080459770114945
80,RACE,Black or African American,2017,SH,2,11,0.12949640287769784,2016-10-01,2017-09-30,2016,0.5287356321839081
106,RACE,Black or African American,2017,PH,61,396,0.10791366906474821,2016-10-01,2017-09-30,2016,0.46743295019157094
132,RACE,Black or African American,2018,SO,0,0,0.0,2017-10-01,2018-09-30,2017,0.42145593869731807
158,RACE,Black or African American,2018,ES,45,261,0.12230215827338131,2017-10-01,2018-09-30,2017,0.5440613026819924
184,RACE,Black or African American,2018,TH,13,80,0.11510791366906477,2017-10-01,2018-09-30,2017,0.4750957854406131
210,RACE,Black or African American,2018,SH,5,12,0.302158273381295,2017-10-01,2018-09-30,2017,0.578544061302682
236,RACE,Black or African American,2018,PH,86,387,0.15827338129496404,2017-10-01,2018-09-30,2017,0.4022988505747127
262,RACE,Black or African American,2019,SO,1,3,0.2374100719424461,2018-10-01,2019-09-30,2018,0.521072796934866
288,RACE,Black or African American,2019,ES,47,322,0.10791366906474821,2018-10-01,2019-09-30,2018,0.4099616858237548
314,RACE,Black or African American,2019,TH,8,56,0.10071942446043168,2018-10-01,2019-09-30,2018,0.4750957854406131
340,RACE,Black or African American,2019,SH,3,7,0.30935251798561153,2018-10-01,2019-09-30,2018,0.5900383141762453
366,RACE,Black or African American,2019,PH,62,358,0.12230215827338131,2018-10-01,2019-09-30,2018,0.37931034482758624
392,RACE,BlackAfAmerican,2020,ES,68,420,0.11510791366906477,2019-10-01,2020-09-30,2019,0.47892720306513414
399,RACE,BlackAfAmerican,2020,PH,52,256,0.14388489208633096,2019-10-01,2020-09-30,2019,0.49425287356321845
404,RACE,BlackAfAmerican,2020,SH,2,5,0.2877697841726619,2019-10-01,2020-09-30,2019,0.5555555555555556
409,RACE,BlackAfAmerican,2020,SO,2,8,0.1798561151079137,2019-10-01,2020-09-30,2019,0.421455938697318
413,RACE,BlackAfAmerican,2020,TH,19,58,0.2374100719424461,2019-10-01,2020-09-30,2019,0.5095785440613028
492,RACE,BlackAfAmerican,2021,ES,88,470,0.1366906474820144,2020-10-01,2021-09-30,2020,0.4252873563218391
499,RACE,BlackAfAmerican,2021,PH,62,356,0.12230215827338131,2020-10-01,2021-09-30,2020,0.471264367816092
504,RACE,BlackAfAmerican,2021,SH,1,5,0.14388489208633096,2020-10-01,2021-09-30,2020,0.49042145593869735
507,RACE,BlackAfAmerican,2021,SO,6,17,0.2517985611510791,2020-10-01,2021-09-30,2020,0.5363984674329503
513,RACE,BlackAfAmerican,2021,TH,8,121,0.05035971223021584,2020-10-01,2021-09-30,2020,0.3716475095785441
21,AGE CATEGORY,Children,2017,SO,0,0,0.0,2016-10-01,2017-09-30,2016,0.47892720306513414
47,AGE CATEGORY,Children,2017,ES,22,158,0.10071942446043168,2016-10-01,2017-09-30,2016,0.5325670498084292
73,AGE CATEGORY,Children,2017,TH,2,64,0.02158273381294964,2016-10-01,2017-09-30,2016,0.4367816091954023
99,AGE CATEGORY,Children,2017,SH,0,0,0.0,2016-10-01,2017-09-30,2016,0.46743295019157094
125,AGE CATEGORY,Children,2017,PH,45,270,0.12230215827338131,2016-10-01,2017-09-30,2016,0.5440613026819924
151,AGE CATEGORY,Children,2018,SO,0,0,0.0,2017-10-01,2018-09-30,2017,0.4137931034482759
177,AGE CATEGORY,Children,2018,ES,15,157,0.07194244604316548,2017-10-01,2018-09-30,2017,0.5172413793103449
203,AGE CATEGORY,Children,2018,TH,11,75,0.10791366906474821,2017-10-01,2018-09-30,2017,0.4980842911877395
229,AGE CATEGORY,Children,2018,SH,0,0,0.0,2017-10-01,2018-09-30,2017,0.42145593869731807
255,AGE CATEGORY,Children,2018,PH,29,267,0.07913669064748202,2017-10-01,2018-09-30,2017,0.521072796934866
281,AGE CATEGORY,Children,2019,SO,0,0,0.0,2018-10-01,2019-09-30,2018,0.4367816091954023
307,AGE CATEGORY,Children,2019,ES,28,201,0.10071942446043168,2018-10-01,2019-09-30,2018,0.5325670498084292
333,AGE CATEGORY,Children,2019,TH,5,37,0.10071942446043168,2018-10-01,2019-09-30,2018,0.47892720306513414
359,AGE CATEGORY,Children,2019,SH,0,0,0.0,2018-10-01,2019-09-30,2018,0.4252873563218391
385,AGE CATEGORY,Children,2019,PH,11,222,0.03597122302158274,2018-10-01,2019-09-30,2018,0.4980842911877395
460,AGE,Children,2020,ES,25,238,0.07913669064748202,2019-10-01,2020-09-30,2019,0.5019157088122606
464,AGE,Children,2020,PH,20,174,0.07913669064748202,2019-10-01,2020-09-30,2019,0.47892720306513414
474,AGE,Children,2020,TH,8,50,0.11510791366906477,2019-10-01,2020-09-30,2019,0.4980842911877395
558,AGE,Children,2021,ES,30,293,0.07194244604316548,2020-10-01,2021-09-30,2020,0.45593869731800774
562,AGE,Children,2021,PH,19,234,0.057553956834532384,2020-10-01,2021-09-30,2020,0.471264367816092
569,AGE,Children,2021,SO,0,1,0.0,2020-10-01,2021-09-30,2020,0.4482758620689656
573,AGE,Children,2021,TH,3,113,0.02158273381294964,2020-10-01,2021-09-30,2020,0.49042145593869735
5,RACE,Client Doesn't Know or Client Refused,2017,SO,0,0,0.0,2016-10-01,2017-09-30,2016,0.47892720306513414
8,ETHNICITY,Client Doesn't Know or Client Refused,2017,SO,0,0,0.0,2016-10-01,2017-09-30,2016,0.47892720306513414
14,GENDER,Client Doesn't Know or Client Refused,2017,SO,0,0,0.0,2016-10-01,2017-09-30,2016,0.47892720306513414
17,VETERAN STATUS,Client Doesn't Know or Client Refused,2017,SO,0,0,0.0,2016-10-01,2017-09-30,2016,0.47892720306513414
22,AGE CATEGORY,Client Doesn't Know or Client Refused,2017,SO,0,0,0.0,2016-10-01,2017-09-30,2016,0.47892720306513414
25,DISABILITY STATUS,Client Doesn't Know or Client Refused,2017,SO,0,0,0.0,2016-10-01,2017-09-30,2016,0.47892720306513414
31,RACE,Client Doesn't Know or Client Refused,2017,ES,0,0,0.0,2016-10-01,2017-09-30,2016,0.47892720306513414
34,ETHNICITY,Client Doesn't Know or Client Refused,2017,ES,0,0,0.0,2016-10-01,2017-09-30,2016,0.47892720306513414
40,GENDER,Client Doesn't Know or Client Refused,2017,ES,0,0,0.0,2016-10-01,2017-09-30,2016,0.47892720306513414
43,VETERAN STATUS,Client Doesn't Know or Client Refused,2017,ES,0,0,0.0,2016-10-01,2017-09-30,2016,0.47892720306513414
48,AGE CATEGORY,Client Doesn't Know or Client Refused,2017,ES,0,0,0.0,2016-10-01,2017-09-30,2016,0.47892720306513414
51,DISABILITY STATUS,Client Doesn't Know or Client Refused,2017,ES,0,12,0.0,2016-10-01,2017-09-30,2016,0.47892720306513414
57,RACE,Client Doesn't Know or Client Refused,2017,TH,0,1,0.0,2016-10-01,2017-09-30,2016,0.47892720306513414
60,ETHNICITY,Client Doesn't Know or Client Refused,2017,TH,0,1,0.0,2016-10-01,2017-09-30,2016,0.47892720306513414
66,GENDER,Client Doesn't Know or Client Refused,2017,TH,0,0,0.0,2016-10-01,2017-09-30,2016,0.47892720306513414
69,VETERAN STATUS,Client Doesn't Know or Client Refused,2017,TH,0,0,0.0,2016-10-01,2017-09-30,2016,0.47892720306513414
74,AGE CATEGORY,Client Doesn't Know or Client Refused,2017,TH,0,0,0.0,2016-10-01,2017-09-30,2016,0.47892720306513414
77,DISABILITY STATUS,Client Doesn't Know or Client Refused,2017,TH,0,0,0.0,2016-10-01,2017-09-30,2016,0.47892720306513414
83,RACE,Client Doesn't Know or Client Refused,2017,SH,0,1,0.0,2016-10-01,2017-09-30,2016,0.47892720306513414
86,ETHNICITY,Client Doesn't Know or Client Refused,2017,SH,0,1,0.0,2016-10-01,2017-09-30,2016,0.47892720306513414
92,GENDER,Client Doesn't Know or Client Refused,2017,SH,0,0,0.0,2016-10-01,2017-09-30,2016,0.47892720306513414
95,VETERAN STATUS,Client Doesn't Know or Client Refused,2017,SH,0,0,0.0,2016-10-01,2017-09-30,2016,0.47892720306513414
100,AGE CATEGORY,Client Doesn't Know or Client Refused,2017,SH,0,0,0.0,2016-10-01,2017-09-30,2016,0.47892720306513414
103,DISABILITY STATUS,Client Doesn't Know or Client Refused,2017,SH,0,0,0.0,2016-10-01,2017-09-30,2016,0.47892720306513414
109,RACE,Client Doesn't Know or Client Refused,2017,PH,1,15,0.05035971223021584,2016-10-01,2017-09-30,2016,0.5057471264367817
112,ETHNICITY,Client Doesn't Know or Client Refused,2017,PH,1,6,0.12230215827338131,2016-10-01,2017-09-30,2016,0.5172413793103449
118,GENDER,Client Doesn't Know or Client Refused,2017,PH,0,0,0.0,2016-10-01,2017-09-30,2016,0.4137931034482759
121,VETERAN STATUS,Client Doesn't Know or Client Refused,2017,PH,0,1,0.0,2016-10-01,2017-09-30,2016,0.47892720306513414
126,AGE CATEGORY,Client Doesn't Know or Client Refused,2017,PH,0,0,0.0,2016-10-01,2017-09-30,2016,0.47892720306513414
129,DISABILITY STATUS,Client Doesn't Know or Client Refused,2017,PH,0,2,0.0,2016-10-01,2017-09-30,2016,0.47892720306513414
135,RACE,Client Doesn't Know or Client Refused,2018,SO,0,0,0.0,2017-10-01,2018-09-30,2017,0.47892720306513414
138,ETHNICITY,Client Doesn't Know or Client Refused,2018,SO,0,0,0.0,2017-10-01,2018-09-30,2017,0.47892720306513414
144,GENDER,Client Doesn't Know or Client Refused,2018,SO,0,0,0.0,2017-10-01,2018-09-30,2017,0.47892720306513414
147,VETERAN STATUS,Client Doesn't Know or Client Refused,2018,SO,0,0,0.0,2017-10-01,2018-09-30,2017,0.47892720306513414
152,AGE CATEGORY,Client Doesn't Know or Client Refused,2018,SO,0,0,0.0,2017-10-01,2018-09-30,2017,0.47892720306513414
155,DISABILITY STATUS,Client Doesn't Know or Client Refused,2018,SO,0,0,0.0,2017-10-01,2018-09-30,2017,0.47892720306513414
161,RACE,Client Doesn't Know or Client Refused,2018,ES,0,11,0.0,2017-10-01,2018-09-30,2017,0.47892720306513414
164,ETHNICITY,Client Doesn't Know or Client Refused,2018,ES,1,3,0.2374100719424461,2017-10-01,2018-09-30,2017,0.6053639846743295
170,GENDER,Client Doesn't Know or Client Refused,2018,ES,0,1,0.0,2017-10-01,2018-09-30,2017,0.35249042145593873
173,VETERAN STATUS,Client Doesn't Know or Client Refused,2018,ES,0,0,0.0,2017-10-01,2018-09-30,2017,0.47892720306513414
178,AGE CATEGORY,Client Doesn't Know or Client Refused,2018,ES,0,0,0.0,2017-10-01,2018-09-30,2017,0.47892720306513414
181,DISABILITY STATUS,Client Doesn't Know or Client Refused,2018,ES,0,5,0.0,2017-10-01,2018-09-30,2017,0.47892720306513414
187,RACE,Client Doesn't Know or Client Refused,2018,TH,0,0,0.0,2017-10-01,2018-09-30,2017,0.47892720306513414
190,ETHNICITY,Client Doesn't Know or Client Refused,2018,TH,0,0,0.0,2017-10-01,2018-09-30,2017,0.47892720306513414
196,GENDER,Client Doesn't Know or Client Refused,2018,TH,0,0,0.0,2017-10-01,2018-09-30,2017,0.47892720306513414
199,VETERAN STATUS,Client Doesn't Know or Client Refused,2018,TH,0,0,0.0,2017-10-01,2018-09-30,2017,0.47892720306513414
204,AGE CATEGORY,Client Doesn't Know or Client Refused,2018,TH,0,0,0.0,2017-10-01,2018-09-30,2017,0.47892720306513414
207,DISABILITY STATUS,Client Doesn't Know or Client Refused,2018,TH,0,0,0.0,2017-10-01,2018-09-30,2017,0.47892720306513414
213,RACE,Client Doesn't Know or Client Refused,2018,SH,0,0,0.0,2017-10-01,2018-09-30,2017,0.47892720306513414
216,ETHNICITY,Client Doesn't Know or Client Refused,2018,SH,0,0,0.0,2017-10-01,2018-09-30,2017,0.47892720306513414
222,GENDER,Client Doesn't Know or Client Refused,2018,SH,0,0,0.0,2017-10-01,2018-09-30,2017,0.47892720306513414
225,VETERAN STATUS,Client Doesn't Know or Client Refused,2018,SH,0,0,0.0,2017-10-01,2018-09-30,2017,0.47892720306513414
230,AGE CATEGORY,Client Doesn't Know or Client Refused,2018,SH,0,0,0.0,2017-10-01,2018-09-30,2017,0.47892720306513414
233,DISABILITY STATUS,Client Doesn't Know or Client Refused,2018,SH,0,0,0.0,2017-10-01,2018-09-30,2017,0.47892720306513414
239,RACE,Client Doesn't Know or Client Refused,2018,PH,0,8,0.0,2017-10-01,2018-09-30,2017,0.47892720306513414
242,ETHNICITY,Client Doesn't Know or Client Refused,2018,PH,0,1,0.0,2017-10-01,2018-09-30,2017,0.47892720306513414
248,GENDER,Client Doesn't Know or Client Refused,2018,PH,0,0,0.0,2017-10-01,2018-09-30,2017,0.47892720306513414
251,VETERAN STATUS,Client Doesn't Know or Client Refused,2018,PH,0,0,0.0,2017-10-01,2018-09-30,2017,0.47892720306513414
256,AGE CATEGORY,Client Doesn't Know or Client Refused,2018,PH,0,0,0.0,2017-10-01,2018-09-30,2017,0.47892720306513414
259,DISABILITY STATUS,Client Doesn't Know or Client Refused,2018,PH,1,2,0.3597122302158274,2017-10-01,2018-09-30,2017,0.6704980842911878
265,RACE,Client Doesn't Know or Client Refused,2019,SO,0,0,0.0,2018-10-01,2019-09-30,2018,0.2873563218390805
268,ETHNICITY,Client Doesn't Know or Client Refused,2019,SO,0,0,0.0,2018-10-01,2019-09-30,2018,0.47892720306513414
274,GENDER,Client Doesn't Know or Client Refused,2019,SO,0,0,0.0,2018-10-01,2019-09-30,2018,0.47892720306513414
277,VETERAN STATUS,Client Doesn't Know or Client Refused,2019,SO,0,0,0.0,2018-10-01,2019-09-30,2018,0.47892720306513414
282,AGE CATEGORY,Client Doesn't Know or Client Refused,2019,SO,0,0,0.0,2018-10-01,2019-09-30,2018,0.47892720306513414
285,DISABILITY STATUS,Client Doesn't Know or Client Refused,2019,SO,0,0,0.0,2018-10-01,2019-09-30,2018,0.47892720306513414
291,RACE,Client Doesn't Know or Client Refused,2019,ES,1,3,0.2374100719424461,2018-10-01,2019-09-30,2018,0.6053639846743295
294,ETHNICITY,Client Doesn't Know or Client Refused,2019,ES,0,1,0.0,2018-10-01,2019-09-30,2018,0.35249042145593873
300,GENDER,Client Doesn't Know or Client Refused,2019,ES,0,0,0.0,2018-10-01,2019-09-30,2018,0.47892720306513414
303,VETERAN STATUS,Client Doesn't Know or Client Refused,2019,ES,0,0,0.0,2018-10-01,2019-09-30,2018,0.47892720306513414
308,AGE CATEGORY,Client Doesn't Know or Client Refused,2019,ES,0,0,0.0,2018-10-01,2019-09-30,2018,0.47892720306513414
311,DISABILITY STATUS,Client Doesn't Know or Client Refused,2019,ES,0,0,0.0,2018-10-01,2019-09-30,2018,0.47892720306513414
317,RACE,Client Doesn't Know or Client Refused,2019,TH,0,0,0.0,2018-10-01,2019-09-30,2018,0.47892720306513414
320,ETHNICITY,Client Doesn't Know or Client Refused,2019,TH,0,1,0.0,2018-10-01,2019-09-30,2018,0.47892720306513414
326,GENDER,Client Doesn't Know or Client Refused,2019,TH,0,0,0.0,2018-10-01,2019-09-30,2018,0.47892720306513414
329,VETERAN STATUS,Client Doesn't Know or Client Refused,2019,TH,0,0,0.0,2018-10-01,2019-09-30,2018,0.47892720306513414
334,AGE CATEGORY,Client Doesn't Know or Client Refused,2019,TH,0,0,0.0,2018-10-01,2019-09-30,2018,0.47892720306513414
337,DISABILITY STATUS,Client Doesn't Know or Client Refused,2019,TH,0,0,0.0,2018-10-01,2019-09-30,2018,0.47892720306513414
343,RACE,Client Doesn't Know or Client Refused,2019,SH,0,0,0.0,2018-10-01,2019-09-30,2018,0.47892720306513414
346,ETHNICITY,Client Doesn't Know or Client Refused,2019,SH,0,0,0.0,2018-10-01,2019-09-30,2018,0.47892720306513414
352,GENDER,Client Doesn't Know or Client Refused,2019,SH,0,0,0.0,2018-10-01,2019-09-30,2018,0.47892720306513414
355,VETERAN STATUS,Client Doesn't Know or Client Refused,2019,SH,0,0,0.0,2018-10-01,2019-09-30,2018,0.47892720306513414
360,AGE CATEGORY,Client Doesn't Know or Client Refused,2019,SH,0,0,0.0,2018-10-01,2019-09-30,2018,0.47892720306513414
363,DISABILITY STATUS,Client Doesn't Know or Client Refused,2019,SH,0,0,0.0,2018-10-01,2019-09-30,2018,0.47892720306513414
369,RACE,Client Doesn't Know or Client Refused,2019,PH,0,5,0.0,2018-10-01,2019-09-30,2018,0.47892720306513414
372,ETHNICITY,Client Doesn't Know or Client Refused,2019,PH,0,0,0.0,2018-10-01,2019-09-30,2018,0.47892720306513414
378,GENDER,Client Doesn't Know or Client Refused,2019,PH,0,0,0.0,2018-10-01,2019-09-30,2018,0.47892720306513414
381,VETERAN STATUS,Client Doesn't Know or Client Refused,2019,PH,0,0,0.0,2018-10-01,2019-09-30,2018,0.47892720306513414
386,AGE CATEGORY,Client Doesn't Know or Client Refused,2019,PH,0,0,0.0,2018-10-01,2019-09-30,2018,0.47892720306513414
389,DISABILITY STATUS,Client Doesn't Know or Client Refused,2019,PH,0,2,0.0,2018-10-01,2019-09-30,2018,0.47892720306513414
24,DISABILITY STATUS,Does Not Have a Disabling Condition,2017,SO,0,0,0.0,2016-10-01,2017-09-30,2016,0.47892720306513414
50,DISABILITY STATUS,Does Not Have a Disabling Condition,2017,ES,61,309,0.14388489208633096,2016-10-01,2017-09-30,2016,0.5555555555555556
76,DISABILITY STATUS,Does Not Have a Disabling Condition,2017,TH,5,104,0.03597122302158274,2016-10-01,2017-09-30,2016,0.421455938697318
102,DISABILITY STATUS,Does Not Have a Disabling Condition,2017,SH,1,2,0.3597122302158274,2016-10-01,2017-09-30,2016,0.6513409961685824
128,DISABILITY STATUS,Does Not Have a Disabling Condition,2017,PH,47,432,0.07913669064748202,2016-10-01,2017-09-30,2016,0.32950191570881227
154,DISABILITY STATUS,Does Not Have a Disabling Condition,2018,SO,1,4,0.1798561151079137,2017-10-01,2018-09-30,2017,0.5325670498084292
180,DISABILITY STATUS,Does Not Have a Disabling Condition,2018,ES,59,379,0.11510791366906477,2017-10-01,2018-09-30,2017,0.4444444444444445
206,DISABILITY STATUS,Does Not Have a Disabling Condition,2018,TH,24,136,0.12949640287769784,2017-10-01,2018-09-30,2017,0.4865900383141763
232,DISABILITY STATUS,Does Not Have a Disabling Condition,2018,SH,1,5,0.14388489208633096,2017-10-01,2018-09-30,2017,0.4865900383141763
258,DISABILITY STATUS,Does Not Have a Disabling Condition,2018,PH,53,395,0.09352517985611512,2017-10-01,2018-09-30,2017,0.45210727969348663
284,DISABILITY STATUS,Does Not Have a Disabling Condition,2019,SO,0,1,0.0,2018-10-01,2019-09-30,2018,0.4291187739463602
310,DISABILITY STATUS,Does Not Have a Disabling Condition,2019,ES,61,402,0.10791366906474821,2018-10-01,2019-09-30,2018,0.5363984674329503
336,DISABILITY STATUS,Does Not Have a Disabling Condition,2019,TH,14,82,0.12230215827338131,2018-10-01,2019-09-30,2018,0.4865900383141763
362,DISABILITY STATUS,Does Not Have a Disabling Condition,2019,SH,1,3,0.2374100719424461,2018-10-01,2019-09-30,2018,0.5402298850574713
388,DISABILITY STATUS,Does Not Have a Disabling Condition,2019,PH,42,354,0.08633093525179857,2018-10-01,2019-09-30,2018,0.3984674329501916
461,AGE,Elder Adult,2020,ES,11,43,0.18705035971223025,2019-10-01,2020-09-30,2019,0.47892720306513414
465,AGE,Elder Adult,2020,PH,10,76,0.09352517985611512,2019-10-01,2020-09-30,2019,0.4291187739463602
469,AGE,Elder Adult,2020,SH,1,11,0.06474820143884892,2019-10-01,2020-09-30,2019,0.46360153256704983
471,AGE,Elder Adult,2020,SO,3,6,0.3597122302158274,2019-10-01,2020-09-30,2019,0.6360153256704981
475,AGE,Elder Adult,2020,TH,0,6,0.0,2019-10-01,2020-09-30,2019,0.2873563218390805
559,AGE,Elder Adult,2021,ES,22,70,0.22302158273381298,2020-10-01,2021-09-30,2020,0.5977011494252874
563,AGE,Elder Adult,2021,PH,12,87,0.10071942446043168,2020-10-01,2021-09-30,2020,0.4137931034482759
566,AGE,Elder Adult,2021,Sh,0,2,0.0,2020-10-01,2021-09-30,2020,0.4252873563218391
570,AGE,Elder Adult,2021,SO,1,4,0.1798561151079137,2020-10-01,2021-09-30,2020,0.574712643678161
574,AGE,Elder Adult,2021,TH,2,8,0.1798561151079137,2020-10-01,2021-09-30,2020,0.47892720306513414
20,AGE CATEGORY,Elder Adult 62+,2017,SO,0,0,0.0,2016-10-01,2017-09-30,2016,0.47892720306513414
46,AGE CATEGORY,Elder Adult 62+,2017,ES,6,14,0.30935251798561153,2016-10-01,2017-09-30,2016,0.6436781609195403
72,AGE CATEGORY,Elder Adult 62+,2017,TH,0,0,0.0,2016-10-01,2017-09-30,2016,0.314176245210728
98,AGE CATEGORY,Elder Adult 62+,2017,SH,0,5,0.0,2016-10-01,2017-09-30,2016,0.47892720306513414
124,AGE CATEGORY,Elder Adult 62+,2017,PH,6,31,0.1366906474820144,2016-10-01,2017-09-30,2016,0.5517241379310345
150,AGE CATEGORY,Elder Adult 62+,2018,SO,0,0,0.0,2017-10-01,2018-09-30,2017,0.40613026819923376
176,AGE CATEGORY,Elder Adult 62+,2018,ES,11,34,0.23021582733812954,2017-10-01,2018-09-30,2017,0.6015325670498085
202,AGE CATEGORY,Elder Adult 62+,2018,TH,1,8,0.09352517985611512,2017-10-01,2018-09-30,2017,0.40613026819923376
228,AGE CATEGORY,Elder Adult 62+,2018,SH,4,9,0.3165467625899281,2017-10-01,2018-09-30,2017,0.5977011494252874
254,AGE CATEGORY,Elder Adult 62+,2018,PH,10,39,0.18705035971223025,2017-10-01,2018-09-30,2017,0.4099616858237548
280,AGE CATEGORY,Elder Adult 62+,2019,SO,1,1,0.7194244604316548,2018-10-01,2019-09-30,2018,0.7624521072796935
306,AGE CATEGORY,Elder Adult 62+,2019,ES,5,14,0.2589928057553957,2018-10-01,2019-09-30,2018,0.23371647509578547
332,AGE CATEGORY,Elder Adult 62+,2019,TH,0,8,0.0,2018-10-01,2019-09-30,2018,0.3409961685823755
358,AGE CATEGORY,Elder Adult 62+,2019,SH,0,4,0.0,2018-10-01,2019-09-30,2018,0.47892720306513414
384,AGE CATEGORY,Elder Adult 62+,2019,PH,10,58,0.12230215827338131,2018-10-01,2019-09-30,2018,0.5440613026819924
9,GENDER,Female,2017,SO,0,0,0.0,2016-10-01,2017-09-30,2016,0.47892720306513414
35,GENDER,Female,2017,ES,63,268,0.17266187050359713,2016-10-01,2017-09-30,2016,0.5708812260536399
61,GENDER,Female,2017,TH,2,72,0.02158273381294964,2016-10-01,2017-09-30,2016,0.3984674329501916
87,GENDER,Female,2017,SH,1,6,0.12230215827338131,2016-10-01,2017-09-30,2016,0.5325670498084292
113,GENDER,Female,2017,PH,36,339,0.07913669064748202,2016-10-01,2017-09-30,2016,0.4559386973180077
139,GENDER,Female,2018,SO,0,0,0.0,2017-10-01,2018-09-30,2017,0.4367816091954023
165,GENDER,Female,2018,ES,55,248,0.15827338129496404,2017-10-01,2018-09-30,2017,0.5632183908045978
191,GENDER,Female,2018,TH,20,105,0.1366906474820144,2017-10-01,2018-09-30,2017,0.46743295019157094
217,GENDER,Female,2018,SH,0,0,0.0,2017-10-01,2018-09-30,2017,0.40613026819923376
243,GENDER,Female,2018,PH,40,337,0.08633093525179857,2017-10-01,2018-09-30,2017,0.524904214559387
269,GENDER,Female,2019,SO,2,5,0.2877697841726619,2018-10-01,2019-09-30,2018,0.5862068965517242
295,GENDER,Female,2019,ES,61,285,0.1510791366906475,2018-10-01,2019-09-30,2018,0.40613026819923376
321,GENDER,Female,2019,TH,8,46,0.12230215827338131,2018-10-01,2019-09-30,2018,0.46360153256704983
347,GENDER,Female,2019,SH,0,0,0.0,2018-10-01,2019-09-30,2018,0.4137931034482759
373,GENDER,Female,2019,PH,27,307,0.06474820143884892,2018-10-01,2019-09-30,2018,0.5134099616858238
430,GENDER,Female,2020,ES,66,385,0.12230215827338131,2019-10-01,2020-09-30,2019,0.5095785440613028
434,GENDER,Female,2020,PH,43,257,0.12230215827338131,2019-10-01,2020-09-30,2019,0.47892720306513414
441,GENDER,Female,2020,SO,2,14,0.10071942446043168,2019-10-01,2020-09-30,2019,0.46743295019157094
444,GENDER,Female,2020,TH,10,67,0.10791366906474821,2019-10-01,2020-09-30,2019,0.4827586206896552
531,GENDER,Female,2021,ES,106,505,0.1510791366906475,2020-10-01,2021-09-30,2020,0.5019157088122606
535,GENDER,Female,2021,PH,41,336,0.08633093525179857,2020-10-01,2021-09-30,2020,0.4444444444444445
538,GENDER,Female,2021,SH,0,1,0.0,2020-10-01,2021-09-30,2020,0.43295019157088127
540,GENDER,Female,2021,SO,12,35,0.24460431654676262,2020-10-01,2021-09-30,2020,0.6091954022988506
542,GENDER,Female,2021,TH,8,119,0.05035971223021584,2020-10-01,2021-09-30,2020,0.3754789272030652
13,GENDER,Gender Non-Conforming,2017,SO,0,0,0.0,2016-10-01,2017-09-30,2016,0.47892720306513414
39,GENDER,Gender Non-Conforming,2017,ES,0,0,0.0,2016-10-01,2017-09-30,2016,0.47892720306513414
65,GENDER,Gender Non-Conforming,2017,TH,0,0,0.0,2016-10-01,2017-09-30,2016,0.47892720306513414
91,GENDER,Gender Non-Conforming,2017,SH,0,0,0.0,2016-10-01,2017-09-30,2016,0.47892720306513414
117,GENDER,Gender Non-Conforming,2017,PH,0,0,0.0,2016-10-01,2017-09-30,2016,0.47892720306513414
143,GENDER,Gender Non-Conforming,2018,SO,0,0,0.0,2017-10-01,2018-09-30,2017,0.47892720306513414
169,GENDER,Gender Non-Conforming,2018,ES,0,0,0.0,2017-10-01,2018-09-30,2017,0.47892720306513414
195,GENDER,Gender Non-Conforming,2018,TH,0,0,0.0,2017-10-01,2018-09-30,2017,0.47892720306513414
221,GENDER,Gender Non-Conforming,2018,SH,0,0,0.0,2017-10-01,2018-09-30,2017,0.47892720306513414
247,GENDER,Gender Non-Conforming,2018,PH,0,0,0.0,2017-10-01,2018-09-30,2017,0.47892720306513414
273,GENDER,Gender Non-Conforming,2019,SO,0,0,0.0,2018-10-01,2019-09-30,2018,0.47892720306513414
299,GENDER,Gender Non-Conforming,2019,ES,0,0,0.0,2018-10-01,2019-09-30,2018,0.47892720306513414
325,GENDER,Gender Non-Conforming,2019,TH,0,0,0.0,2018-10-01,2019-09-30,2018,0.47892720306513414
351,GENDER,Gender Non-Conforming,2019,SH,0,0,0.0,2018-10-01,2019-09-30,2018,0.47892720306513414
377,GENDER,Gender Non-Conforming,2019,PH,0,0,0.0,2018-10-01,2019-09-30,2018,0.47892720306513414
431,GENDER,Gender non-conforming,2020,ES,0,1,0.0,2019-10-01,2020-09-30,2019,0.47892720306513414
438,GENDER,Gender non-conforming,2020,SH,0,1,0.0,2019-10-01,2020-09-30,2019,0.47892720306513414
23,DISABILITY STATUS,Has a Disabling Condition,2017,SO,0,0,0.0,2016-10-01,2017-09-30,2016,0.47892720306513414
49,DISABILITY STATUS,Has a Disabling Condition,2017,ES,53,133,0.2877697841726619,2016-10-01,2017-09-30,2016,0.632183908045977
75,DISABILITY STATUS,Has a Disabling Condition,2017,TH,0,20,0.0,2016-10-01,2017-09-30,2016,0.3256704980842912
101,DISABILITY STATUS,Has a Disabling Condition,2017,SH,6,31,0.1366906474820144,2016-10-01,2017-09-30,2016,0.5517241379310345
127,DISABILITY STATUS,Has a Disabling Condition,2017,PH,121,321,0.2733812949640288,2016-10-01,2017-09-30,2016,0.5517241379310345
153,DISABILITY STATUS,Has a Disabling Condition,2018,SO,2,4,0.3597122302158274,2017-10-01,2018-09-30,2017,0.524904214559387
179,DISABILITY STATUS,Has a Disabling Condition,2018,ES,52,172,0.21582733812949642,2017-10-01,2018-09-30,2017,0.4022988505747127
205,DISABILITY STATUS,Has a Disabling Condition,2018,TH,6,43,0.10071942446043168,2017-10-01,2018-09-30,2017,0.417624521072797
231,DISABILITY STATUS,Has a Disabling Condition,2018,SH,9,30,0.21582733812949642,2017-10-01,2018-09-30,2017,0.5402298850574713
257,DISABILITY STATUS,Has a Disabling Condition,2018,PH,90,376,0.17266187050359713,2017-10-01,2018-09-30,2017,0.45593869731800774
283,DISABILITY STATUS,Has a Disabling Condition,2019,SO,4,9,0.3165467625899281,2018-10-01,2019-09-30,2018,0.5555555555555556
309,DISABILITY STATUS,Has a Disabling Condition,2019,ES,47,159,0.21582733812949642,2018-10-01,2019-09-30,2018,0.4252873563218391
335,DISABILITY STATUS,Has a Disabling Condition,2019,TH,3,32,0.06474820143884892,2018-10-01,2019-09-30,2018,0.3984674329501916
361,DISABILITY STATUS,Has a Disabling Condition,2019,SH,4,27,0.10791366906474821,2018-10-01,2019-09-30,2018,0.5019157088122606
387,DISABILITY STATUS,Has a Disabling Condition,2019,PH,76,439,0.12230215827338131,2018-10-01,2019-09-30,2018,0.4865900383141763
6,ETHNICITY,Hispanic/Latino,2017,SO,0,0,0.0,2016-10-01,2017-09-30,2016,0.47892720306513414
32,ETHNICITY,Hispanic/Latino,2017,ES,21,166,0.09352517985611512,2016-10-01,2017-09-30,2016,0.5287356321839081
58,ETHNICITY,Hispanic/Latino,2017,TH,0,58,0.0,2016-10-01,2017-09-30,2016,0.4291187739463602
84,ETHNICITY,Hispanic/Latino,2017,SH,0,2,0.0,2016-10-01,2017-09-30,2016,0.47892720306513414
110,ETHNICITY,Hispanic/Latino,2017,PH,22,198,0.07913669064748202,2016-10-01,2017-09-30,2016,0.521072796934866
136,ETHNICITY,Hispanic/Latino,2018,SO,1,3,0.2374100719424461,2017-10-01,2018-09-30,2017,0.5632183908045978
162,ETHNICITY,Hispanic/Latino,2018,ES,18,170,0.07913669064748202,2017-10-01,2018-09-30,2017,0.3946360153256705
188,ETHNICITY,Hispanic/Latino,2018,TH,11,68,0.11510791366906477,2017-10-01,2018-09-30,2017,0.4980842911877395
214,ETHNICITY,Hispanic/Latino,2018,SH,0,1,0.0,2017-10-01,2018-09-30,2017,0.41762452107279696
240,ETHNICITY,Hispanic/Latino,2018,PH,24,215,0.07913669064748202,2017-10-01,2018-09-30,2017,0.521072796934866
266,ETHNICITY,Hispanic/Latino,2019,SO,2,2,0.7194244604316548,2018-10-01,2019-09-30,2018,0.8199233716475096
292,ETHNICITY,Hispanic/Latino,2019,ES,38,165,0.1654676258992806,2018-10-01,2019-09-30,2018,0.18390804597701155
318,ETHNICITY,Hispanic/Latino,2019,TH,6,33,0.12949640287769784,2018-10-01,2019-09-30,2018,0.4597701149425288
344,ETHNICITY,Hispanic/Latino,2019,SH,0,3,0.0,2018-10-01,2019-09-30,2018,0.4099616858237548
370,ETHNICITY,Hispanic/Latino,2019,PH,22,203,0.07913669064748202,2018-10-01,2019-09-30,2018,0.521072796934866
417,ETHNICITY,Hispanic/Latino,2020,ES,57,305,0.1366906474820144,2019-10-01,2020-09-30,2019,0.5095785440613028
420,ETHNICITY,Hispanic/Latino,2020,PH,21,163,0.09352517985611512,2019-10-01,2020-09-30,2019,0.45593869731800774
423,ETHNICITY,Hispanic/Latino,2020,SH,0,6,0.0,2019-10-01,2020-09-30,2019,0.4291187739463602
425,ETHNICITY,Hispanic/Latino,2020,SO,4,13,0.22302158273381298,2019-10-01,2020-09-30,2019,0.5977011494252874
427,ETHNICITY,Hispanic/Latino,2020,TH,2,48,0.028776978417266192,2019-10-01,2020-09-30,2019,0.3754789272030652
518,ETHNICITY,Hispanic/Latino,2021,ES,53,304,0.12230215827338131,2020-10-01,2021-09-30,2020,0.5287356321839081
521,ETHNICITY,Hispanic/Latino,2021,PH,18,216,0.057553956834532384,2020-10-01,2021-09-30,2020,0.4444444444444445
524,ETHNICITY,Hispanic/Latino,2021,SH,0,3,0.0,2020-10-01,2021-09-30,2020,0.4482758620689656
526,ETHNICITY,Hispanic/Latino,2021,SO,8,20,0.2877697841726619,2020-10-01,2021-09-30,2020,0.632183908045977
529,ETHNICITY,Hispanic/Latino,2021,TH,2,56,0.028776978417266192,2020-10-01,2021-09-30,2020,0.34099616858237547
10,GENDER,Male,2017,SO,0,0,0.0,2016-10-01,2017-09-30,2016,0.47892720306513414
36,GENDER,Male,2017,ES,50,184,0.1942446043165468,2016-10-01,2017-09-30,2016,0.5823754789272031
62,GENDER,Male,2017,TH,3,53,0.04316546762589928,2016-10-01,2017-09-30,2016,0.3984674329501916
88,GENDER,Male,2017,SH,6,27,0.15827338129496404,2016-10-01,2017-09-30,2016,0.5402298850574713
114,GENDER,Male,2017,PH,73,415,0.12949640287769784,2016-10-01,2017-09-30,2016,0.46360153256704983
140,GENDER,Male,2018,SO,3,8,0.2733812949640288,2017-10-01,2018-09-30,2017,0.5555555555555556
166,GENDER,Male,2018,ES,56,304,0.12949640287769784,2017-10-01,2018-09-30,2017,0.4022988505747127
192,GENDER,Male,2018,TH,10,73,0.10071942446043168,2017-10-01,2018-09-30,2017,0.46360153256704983
218,GENDER,Male,2018,SH,10,35,0.20863309352517986,2017-10-01,2018-09-30,2017,0.5363984674329503
244,GENDER,Male,2018,PH,104,436,0.17266187050359713,2017-10-01,2018-09-30,2017,0.4597701149425288
270,GENDER,Male,2019,SO,2,5,0.2877697841726619,2018-10-01,2019-09-30,2018,0.5402298850574713
296,GENDER,Male,2019,ES,45,272,0.12230215827338131,2018-10-01,2019-09-30,2018,0.39080459770114945
322,GENDER,Male,2019,TH,9,68,0.09352517985611512,2018-10-01,2019-09-30,2018,0.46360153256704983
348,GENDER,Male,2019,SH,5,30,0.12230215827338131,2018-10-01,2019-09-30,2018,0.49425287356321845
374,GENDER,Male,2019,PH,90,484,0.1366906474820144,2018-10-01,2019-09-30,2018,0.4865900383141763
432,GENDER,Male,2020,ES,91,484,0.1366906474820144,2019-10-01,2020-09-30,2019,0.47892720306513414
435,GENDER,Male,2020,PH,63,377,0.12230215827338131,2019-10-01,2020-09-30,2019,0.471264367816092
439,GENDER,Male,2020,SH,9,32,0.20143884892086336,2019-10-01,2020-09-30,2019,0.521072796934866
442,GENDER,Male,2020,SO,9,26,0.2517985611510791,2019-10-01,2020-09-30,2019,0.5057471264367817
445,GENDER,Male,2020,TH,15,74,0.14388489208633096,2019-10-01,2020-09-30,2019,0.42145593869731807
532,GENDER,Male,2021,ES,126,514,0.1798561151079137,2020-10-01,2021-09-30,2020,0.4980842911877395
536,GENDER,Male,2021,PH,79,483,0.11510791366906477,2020-10-01,2021-09-30,2020,0.4444444444444445
539,GENDER,Male,2021,SH,2,23,0.06474820143884892,2020-10-01,2021-09-30,2020,0.45210727969348663
541,GENDER,Male,2021,So,12,30,0.2877697841726619,2020-10-01,2021-09-30,2020,0.5977011494252874
543,GENDER,Male,2021,TH,11,107,0.07194244604316548,2020-10-01,2021-09-30,2020,0.36398467432950193
3,RACE,Native Hawaiian or Other Pacific Islander,2017,SO,0,0,0.0,2016-10-01,2017-09-30,2016,0.47892720306513414
29,RACE,Native Hawaiian or Other Pacific Islander,2017,ES,0,1,0.0,2016-10-01,2017-09-30,2016,0.47892720306513414
55,RACE,Native Hawaiian or Other Pacific Islander,2017,TH,0,0,0.0,2016-10-01,2017-09-30,2016,0.47892720306513414
81,RACE,Native Hawaiian or Other Pacific Islander,2017,SH,0,0,0.0,2016-10-01,2017-09-30,2016,0.47892720306513414
107,RACE,Native Hawaiian or Other Pacific Islander,2017,PH,0,10,0.0,2016-10-01,2017-09-30,2016,0.47892720306513414
133,RACE,Native Hawaiian or Other Pacific Islander,2018,SO,0,0,0.0,2017-10-01,2018-09-30,2017,0.47892720306513414
159,RACE,Native Hawaiian or Other Pacific Islander,2018,ES,1,5,0.14388489208633096,2017-10-01,2018-09-30,2017,0.5555555555555556
185,RACE,Native Hawaiian or Other Pacific Islander,2018,TH,0,0,0.0,2017-10-01,2018-09-30,2017,0.4022988505747127
211,RACE,Native Hawaiian or Other Pacific Islander,2018,SH,0,0,0.0,2017-10-01,2018-09-30,2017,0.47892720306513414
237,RACE,Native Hawaiian or Other Pacific Islander,2018,PH,0,3,0.0,2017-10-01,2018-09-30,2017,0.47892720306513414
263,RACE,Native Hawaiian or Other Pacific Islander,2019,SO,0,0,0.0,2018-10-01,2019-09-30,2018,0.47892720306513414
289,RACE,Native Hawaiian or Other Pacific Islander,2019,ES,0,3,0.0,2018-10-01,2019-09-30,2018,0.47892720306513414
315,RACE,Native Hawaiian or Other Pacific Islander,2019,TH,0,0,0.0,2018-10-01,2019-09-30,2018,0.47892720306513414
341,RACE,Native Hawaiian or Other Pacific Islander,2019,SH,0,0,0.0,2018-10-01,2019-09-30,2018,0.47892720306513414
367,RACE,Native Hawaiian or Other Pacific Islander,2019,PH,0,0,0.0,2018-10-01,2019-09-30,2018,0.47892720306513414
393,RACE,NativeHIOtherPacific,2020,ES,0,2,0.0,2019-10-01,2020-09-30,2019,0.47892720306513414
493,RACE,NativeHIPacific,2021,ES,2,3,0.4820143884892087,2020-10-01,2021-09-30,2020,0.47892720306513414
500,RACE,NativeHIPacific,2021,PH,0,2,0.0,2020-10-01,2021-09-30,2020,0.22222222222222227
514,RACE,NativeHIPacific,2021,TH,0,1,0.0,2020-10-01,2021-09-30,2020,0.47892720306513414
446,VETERAN,No,2020,ES,145,801,0.12949640287769784,2019-10-01,2020-09-30,2019,0.47892720306513414
449,VETERAN,No,2020,PH,64,461,0.10071942446043168,2019-10-01,2020-09-30,2019,0.46360153256704983
454,VETERAN,No,2020,SO,11,33,0.2374100719424461,2019-10-01,2020-09-30,2019,0.5517241379310345
457,VETERAN,No,2020,TH,15,97,0.10791366906474821,2019-10-01,2020-09-30,2019,0.4099616858237548
477,DISABILITY,No,2020,ES,81,564,0.10071942446043168,2019-10-01,2020-09-30,2019,0.4750957854406131
479,DISABILITY,No,2020,PH,42,272,0.10791366906474821,2019-10-01,2020-09-30,2019,0.4827586206896552
482,DISABILITY,No,2020,SH,0,2,0.0,2019-10-01,2020-09-30,2019,0.42145593869731807
484,DISABILITY,No,2020,SO,2,7,0.20863309352517986,2019-10-01,2020-09-30,2019,0.5900383141762453
487,DISABILITY,No,2020,TH,6,36,0.12230215827338131,2019-10-01,2020-09-30,2019,0.43295019157088127
544,VETERAN,No,2021,ES,207,935,0.15827338129496404,2020-10-01,2021-09-30,2020,0.4980842911877395
547,VETERAN,No,2021,PH,80,638,0.09352517985611512,2020-10-01,2021-09-30,2020,0.4444444444444445
551,VETERAN,No,2021,SO,23,58,0.2877697841726619,2020-10-01,2021-09-30,2020,0.5823754789272031
554,VETERAN,No,2021,TH,15,191,0.057553956834532384,2020-10-01,2021-09-30,2020,0.3563218390804598
577,DISABILITY,No,2021,ES,79,575,0.10071942446043168,2020-10-01,2021-09-30,2020,0.5019157088122606
580,DISABILITY,No,2021,PH,38,323,0.08633093525179857,2020-10-01,2021-09-30,2020,0.471264367816092
583,DISABILITY,No,2021,SH,0,1,0.0,2020-10-01,2021-09-30,2020,0.43295019157088127
585,DISABILITY,No,2021,SO,8,25,0.23021582733812954,2020-10-01,2021-09-30,2020,0.6015325670498085
588,DISABILITY,No,2021,TH,6,138,0.028776978417266192,2020-10-01,2021-09-30,2020,0.3716475095785441
533,GENDER,No Single Gender,2021,ES,0,1,0.0,2020-10-01,2021-09-30,2020,0.47892720306513414
537,GENDER,No Single Gender,2021,PH,0,2,0.0,2020-10-01,2021-09-30,2020,0.47892720306513414
7,ETHNICITY,Non-Hispanic/Non-Latino,2017,SO,0,0,0.0,2016-10-01,2017-09-30,2016,0.47892720306513414
33,ETHNICITY,Non-Hispanic/Non-Latino,2017,ES,93,288,0.23021582733812954,2016-10-01,2017-09-30,2016,0.6015325670498085
59,ETHNICITY,Non-Hispanic/Non-Latino,2017,TH,5,66,0.057553956834532384,2016-10-01,2017-09-30,2016,0.3869731800766284
85,ETHNICITY,Non-Hispanic/Non-Latino,2017,SH,7,30,0.1654676258992806,2016-10-01,2017-09-30,2016,0.5363984674329503
111,ETHNICITY,Non-Hispanic/Non-Latino,2017,PH,86,551,0.11510791366906477,2016-10-01,2017-09-30,2016,0.45210727969348663
137,ETHNICITY,Non-Hispanic/Non-Latino,2018,SO,2,5,0.2877697841726619,2017-10-01,2018-09-30,2017,0.5708812260536399
163,ETHNICITY,Non-Hispanic/Non-Latino,2018,ES,92,383,0.17266187050359713,2017-10-01,2018-09-30,2017,0.41762452107279696
189,ETHNICITY,Non-Hispanic/Non-Latino,2018,TH,19,112,0.12230215827338131,2017-10-01,2018-09-30,2017,0.45210727969348663
215,ETHNICITY,Non-Hispanic/Non-Latino,2018,SH,10,34,0.20863309352517986,2017-10-01,2018-09-30,2017,0.524904214559387
241,ETHNICITY,Non-Hispanic/Non-Latino,2018,PH,120,557,0.15827338129496404,2017-10-01,2018-09-30,2017,0.45210727969348663
267,ETHNICITY,Non-Hispanic/Non-Latino,2019,SO,2,8,0.1798561151079137,2018-10-01,2019-09-30,2018,0.49042145593869735
293,ETHNICITY,Non-Hispanic/Non-Latino,2019,ES,70,395,0.12949640287769784,2018-10-01,2019-09-30,2018,0.45210727969348663
319,ETHNICITY,Non-Hispanic/Non-Latino,2019,TH,11,80,0.10071942446043168,2018-10-01,2019-09-30,2018,0.46360153256704983
345,ETHNICITY,Non-Hispanic/Non-Latino,2019,SH,5,27,0.1366906474820144,2018-10-01,2019-09-30,2018,0.4980842911877395
371,ETHNICITY,Non-Hispanic/Non-Latino,2019,PH,96,594,0.11510791366906477,2018-10-01,2019-09-30,2018,0.46743295019157094
418,ETHNICITY,Non-Hispanic/Non-Latino,2020,ES,102,568,0.12949640287769784,2019-10-01,2020-09-30,2019,0.4865900383141763
421,ETHNICITY,Non-Hispanic/Non-Latino,2020,PH,84,472,0.12949640287769784,2019-10-01,2020-09-30,2019,0.47892720306513414
424,ETHNICITY,Non-Hispanic/Non-Latino,2020,SH,9,28,0.23021582733812954,2019-10-01,2020-09-30,2019,0.5325670498084292
426,ETHNICITY,Non-Hispanic/Non-Latino,2020,SO,8,28,0.20863309352517986,2019-10-01,2020-09-30,2019,0.46743295019157094
428,ETHNICITY,Non-Hispanic/Non-Latino,2020,TH,23,92,0.1798561151079137,2019-10-01,2020-09-30,2019,0.46360153256704983
519,ETHNICITY,Non-Hispanic/Non-Latino,2021,ES,176,712,0.1798561151079137,2020-10-01,2021-09-30,2020,0.47892720306513414
522,ETHNICITY,Non-Hispanic/Non-Latino,2021,PH,101,598,0.12230215827338131,2020-10-01,2021-09-30,2020,0.4482758620689656
525,ETHNICITY,Non-Hispanic/Non-Latino,2021,SH,2,21,0.07194244604316548,2020-10-01,2021-09-30,2020,0.45210727969348663
527,ETHNICITY,Non-Hispanic/Non-Latino,2021,SO,16,43,0.26618705035971224,2020-10-01,2021-09-30,2020,0.5823754789272031
530,ETHNICITY,Non-Hispanic/Non-Latino,2021,ES,17,170,0.07194244604316548,2020-10-01,2021-09-30,2020,0.3754789272030652
16,VETERAN STATUS,Not a Veteran,2017,SO,0,0,0.0,2016-10-01,2017-09-30,2016,0.47892720306513414
42,VETERAN STATUS,Not a Veteran,2017,ES,98,419,0.1654676258992806,2016-10-01,2017-09-30,2016,0.5670498084291188
68,VETERAN STATUS,Not a Veteran,2017,TH,5,117,0.028776978417266192,2016-10-01,2017-09-30,2016,0.40613026819923376
94,VETERAN STATUS,Not a Veteran,2017,SH,1,1,0.7194244604316548,2016-10-01,2017-09-30,2016,0.8467432950191571
120,VETERAN STATUS,Not a Veteran,2017,PH,84,651,0.09352517985611512,2016-10-01,2017-09-30,2016,0.14559386973180077
146,VETERAN STATUS,Not a Veteran,2018,SO,1,6,0.12230215827338131,2017-10-01,2018-09-30,2017,0.49425287356321845
172,VETERAN STATUS,Not a Veteran,2018,ES,93,483,0.1366906474820144,2017-10-01,2018-09-30,2017,0.4865900383141763
198,VETERAN STATUS,Not a Veteran,2018,TH,21,129,0.11510791366906477,2017-10-01,2018-09-30,2017,0.46743295019157094
224,VETERAN STATUS,Not a Veteran,2018,SH,0,0,0.0,2017-10-01,2018-09-30,2017,0.41762452107279696
250,VETERAN STATUS,Not a Veteran,2018,PH,86,574,0.10791366906474821,2017-10-01,2018-09-30,2017,0.5363984674329503
276,VETERAN STATUS,Not a Veteran,2019,SO,3,9,0.2374100719424461,2018-10-01,2019-09-30,2018,0.5478927203065135
302,VETERAN STATUS,Not a Veteran,2019,ES,91,511,0.12949640287769784,2018-10-01,2019-09-30,2018,0.421455938697318
328,VETERAN STATUS,Not a Veteran,2019,TH,9,67,0.09352517985611512,2018-10-01,2019-09-30,2018,0.4597701149425288
354,VETERAN STATUS,Not a Veteran,2019,SH,0,0,0.0,2018-10-01,2019-09-30,2018,0.4291187739463602
380,VETERAN STATUS,Not a Veteran,2019,PH,74,588,0.09352517985611512,2018-10-01,2019-09-30,2018,0.5287356321839081
11,GENDER,Trans Female,2017,SO,0,0,0.0,2016-10-01,2017-09-30,2016,0.47892720306513414
37,GENDER,Trans Female,2017,ES,1,2,0.3597122302158274,2016-10-01,2017-09-30,2016,0.6704980842911878
63,GENDER,Trans Female,2017,TH,0,0,0.0,2016-10-01,2017-09-30,2016,0.2873563218390805
89,GENDER,Trans Female,2017,SH,0,0,0.0,2016-10-01,2017-09-30,2016,0.47892720306513414
115,GENDER,Trans Female,2017,PH,0,1,0.0,2016-10-01,2017-09-30,2016,0.47892720306513414
141,GENDER,Trans Female,2018,SO,0,0,0.0,2017-10-01,2018-09-30,2017,0.47892720306513414
167,GENDER,Trans Female,2018,ES,0,2,0.0,2017-10-01,2018-09-30,2017,0.47892720306513414
193,GENDER,Trans Female,2018,TH,0,1,0.0,2017-10-01,2018-09-30,2017,0.47892720306513414
219,GENDER,Trans Female,2018,SH,10,0,0.0,2017-10-01,2018-09-30,2017,0.47892720306513414
245,GENDER,Trans Female,2018,PH,0,0,0.0,2017-10-01,2018-09-30,2017,0.47892720306513414
271,GENDER,Trans Female,2019,SO,0,0,0.0,2018-10-01,2019-09-30,2018,0.47892720306513414
297,GENDER,Trans Female,2019,ES,1,2,0.3597122302158274,2018-10-01,2019-09-30,2018,0.6704980842911878
323,GENDER,Trans Female,2019,TH,0,0,0.0,2018-10-01,2019-09-30,2018,0.2873563218390805
349,GENDER,Trans Female,2019,SH,0,0,0.0,2018-10-01,2019-09-30,2018,0.47892720306513414
375,GENDER,Trans Female,2019,PH,1,5,0.14388489208633096,2018-10-01,2019-09-30,2018,0.5555555555555556
433,GENDER,Trans Female,2020,ES,2,4,0.3597122302158274,2019-10-01,2020-09-30,2019,0.5938697318007663
436,GENDER,Trans Female,2020,PH,0,4,0.0,2019-10-01,2020-09-30,2019,0.2873563218390805
440,GENDER,Trans Female,2020,SH,0,1,0.0,2019-10-01,2020-09-30,2019,0.47892720306513414
12,GENDER,Trans Male,2017,SO,0,0,0.0,2016-10-01,2017-09-30,2016,0.47892720306513414
38,GENDER,Trans Male,2017,ES,0,0,0.0,2016-10-01,2017-09-30,2016,0.47892720306513414
64,GENDER,Trans Male,2017,TH,0,0,0.0,2016-10-01,2017-09-30,2016,0.47892720306513414
90,GENDER,Trans Male,2017,SH,0,0,0.0,2016-10-01,2017-09-30,2016,0.47892720306513414
116,GENDER,Trans Male,2017,PH,0,0,0.0,2016-10-01,2017-09-30,2016,0.47892720306513414
142,GENDER,Trans Male,2018,SO,0,0,0.0,2017-10-01,2018-09-30,2017,0.47892720306513414
168,GENDER,Trans Male,2018,ES,0,1,0.0,2017-10-01,2018-09-30,2017,0.47892720306513414
194,GENDER,Trans Male,2018,TH,0,1,0.0,2017-10-01,2018-09-30,2017,0.47892720306513414
220,GENDER,Trans Male,2018,SH,0,0,0.0,2017-10-01,2018-09-30,2017,0.47892720306513414
246,GENDER,Trans Male,2018,PH,0,0,0.0,2017-10-01,2018-09-30,2017,0.47892720306513414
272,GENDER,Trans Male,2019,SO,0,0,0.0,2018-10-01,2019-09-30,2018,0.47892720306513414
298,GENDER,Trans Male,2019,ES,1,2,0.3597122302158274,2018-10-01,2019-09-30,2018,0.6704980842911878
324,GENDER,Trans Male,2019,TH,0,0,0.0,2018-10-01,2019-09-30,2018,0.2873563218390805
350,GENDER,Trans Male,2019,SH,0,0,0.0,2018-10-01,2019-09-30,2018,0.47892720306513414
376,GENDER,Trans Male,2019,PH,0,1,0.0,2018-10-01,2019-09-30,2018,0.47892720306513414
443,GENDER,Trans Male,2020,SO,1,1,0.7194244604316548,2019-10-01,2020-09-30,2019,0.8620689655172414
394,RACE,Two or more races,2020,ES,14,42,0.2374100719424461,2019-10-01,2020-09-30,2019,0.47892720306513414
400,RACE,Two or more races,2020,PH,13,59,0.15827338129496404,2019-10-01,2020-09-30,2019,0.4367816091954023
405,RACE,Two or more races,2020,SH,0,6,0.0,2019-10-01,2020-09-30,2019,0.39463601532567055
410,RACE,Two or more races,2020,SO,1,3,0.2374100719424461,2019-10-01,2020-09-30,2019,0.6053639846743295
414,RACE,Two or more races,2020,TH,0,10,0.0,2019-10-01,2020-09-30,2019,0.35249042145593873
494,RACE,Two or more races,2021,ES,21,52,0.2877697841726619,2020-10-01,2021-09-30,2020,0.632183908045977
501,RACE,Two or more races,2021,PH,8,55,0.10791366906474821,2020-10-01,2021-09-30,2020,0.3831417624521073
505,RACE,Two or more races,2021,SH,1,2,0.3597122302158274,2020-10-01,2021-09-30,2020,0.6130268199233717
508,RACE,Two or more races,2021,SO,4,8,0.3597122302158274,2020-10-01,2021-09-30,2020,0.47892720306513414
515,RACE,Two or more races,2021,TH,2,27,0.05035971223021584,2020-10-01,2021-09-30,2020,0.314176245210728
395,RACE,Unknown,2020,ES,0,3,0.0,2019-10-01,2020-09-30,2019,0.47892720306513414
401,RACE,Unknown,2020,PH,1,35,0.02158273381294964,2019-10-01,2020-09-30,2019,0.49042145593869735
406,RACE,Unknown,2020,SH,0,1,0.0,2019-10-01,2020-09-30,2019,0.46743295019157094
411,RACE,Unknown,2020,SO,1,2,0.3597122302158274,2019-10-01,2020-09-30,2019,0.6704980842911878
415,RACE,Unknown,2020,TH,0,2,0.0,2019-10-01,2020-09-30,2019,0.2873563218390805
419,ETHNICITY,Unknown,2020,ES,0,1,0.0,2019-10-01,2020-09-30,2019,0.47892720306513414
422,ETHNICITY,Unknown,2020,PH,1,25,0.028776978417266192,2019-10-01,2020-09-30,2019,0.49425287356321845
429,ETHNICITY,Unknown,2020,TH,0,1,0.0,2019-10-01,2020-09-30,2019,0.46360153256704983
437,GENDER,Unknown,2020,PH,0,22,0.0,2019-10-01,2020-09-30,2019,0.47892720306513414
447,VETERAN,Unknown,2020,ES,0,1,0.0,2019-10-01,2020-09-30,2019,0.47892720306513414
450,VETERAN,Unknown,2020,PH,0,23,0.0,2019-10-01,2020-09-30,2019,0.47892720306513414
452,VETERAN,Unknown,2020,SH,0,1,0.0,2019-10-01,2020-09-30,2019,0.47892720306513414
455,VETERAN,Unknown,2020,SO,0,4,0.0,2019-10-01,2020-09-30,2019,0.47892720306513414
466,AGE,Unknown,2020,PH,0,22,0.0,2019-10-01,2020-09-30,2019,0.47892720306513414
480,DISABILITY,Unknown,2020,PH,1,30,0.02158273381294964,2019-10-01,2020-09-30,2019,0.49042145593869735
485,DISABILITY,Unknown,2020,SO,3,10,0.21582733812949642,2019-10-01,2020-09-30,2019,0.5823754789272031
488,DISABILITY,Unknown,2020,TH,12,78,0.10791366906474821,2019-10-01,2020-09-30,2019,0.42145593869731807
495,RACE,Unknown,2021,ES,3,6,0.3597122302158274,2020-10-01,2021-09-30,2020,0.6130268199233717
502,RACE,Unknown,2021,PH,1,7,0.10071942446043168,2020-10-01,2021-09-30,2020,0.3409961685823755
509,RACE,Unknown,2021,SO,0,3,0.0,2020-10-01,2021-09-30,2020,0.4252873563218391
516,RACE,Unknown,2021,TH,2,3,0.4820143884892087,2020-10-01,2021-09-30,2020,0.735632183908046
520,ETHNICITY,Unknown,2021,ES,4,5,0.5755395683453238,2020-10-01,2021-09-30,2020,0.5287356321839081
523,ETHNICITY,Unknown,2021,PH,1,7,0.10071942446043168,2020-10-01,2021-09-30,2020,0.22605363984674332
528,ETHNICITY,Unknown,2021,SO,0,2,0.0,2020-10-01,2021-09-30,2020,0.4252873563218391
534,GENDER,Unknown,2021,ES,1,1,0.7194244604316548,2020-10-01,2021-09-30,2020,0.8620689655172414
545,VETERAN,Unknown,2021,ES,0,2,0.0,2020-10-01,2021-09-30,2020,0.09578544061302685
548,VETERAN,Unknown,2021,PH,0,2,0.0,2020-10-01,2021-09-30,2020,0.47892720306513414
552,VETERAN,Unknown,2021,SO,0,4,0.0,2020-10-01,2021-09-30,2020,0.47892720306513414
555,VETERAN,Unknown,2021,TH,0,1,0.0,2020-10-01,2021-09-30,2020,0.47892720306513414
575,AGE,Unknown,2021,TH,0,1,0.0,2020-10-01,2021-09-30,2020,0.47892720306513414
578,DISABILITY,Unknown,2021,ES,2,17,0.08633093525179857,2020-10-01,2021-09-30,2020,0.524904214559387
581,DISABILITY,Unknown,2021,PH,6,17,0.2517985611510791,2020-10-01,2021-09-30,2020,0.5670498084291188
586,DISABILITY,Unknown,2021,SO,2,7,0.20863309352517986,2020-10-01,2021-09-30,2020,0.45593869731800774
589,DISABILITY,Unknown,2021,TH,0,3,0.0,2020-10-01,2021-09-30,2020,0.36781609195402304
15,VETERAN STATUS,Veteran,2017,SO,0,0,0.0,2016-10-01,2017-09-30,2016,0.47892720306513414
41,VETERAN STATUS,Veteran,2017,ES,16,34,0.3381294964028777,2016-10-01,2017-09-30,2016,0.6590038314176245
67,VETERAN STATUS,Veteran,2017,TH,0,8,0.0,2016-10-01,2017-09-30,2016,0.29885057471264376
93,VETERAN STATUS,Veteran,2017,SH,6,31,0.1366906474820144,2016-10-01,2017-09-30,2016,0.5517241379310345
119,VETERAN STATUS,Veteran,2017,PH,25,103,0.17266187050359713,2016-10-01,2017-09-30,2016,0.4980842911877395
145,VETERAN STATUS,Veteran,2018,SO,2,2,0.7194244604316548,2017-10-01,2018-09-30,2017,0.7701149425287357
171,VETERAN STATUS,Veteran,2018,ES,18,72,0.1798561151079137,2017-10-01,2018-09-30,2017,0.1915708812260537
197,VETERAN STATUS,Veteran,2018,TH,9,51,0.12949640287769784,2017-10-01,2018-09-30,2017,0.45210727969348663
223,VETERAN STATUS,Veteran,2018,SH,10,35,0.20863309352517986,2017-10-01,2018-09-30,2017,0.521072796934866
249,VETERAN STATUS,Veteran,2018,PH,58,199,0.20863309352517986,2017-10-01,2018-09-30,2017,0.47892720306513414
275,VETERAN STATUS,Veteran,2019,SO,0,0,0.0,2018-10-01,2019-09-30,2018,0.36781609195402304
301,VETERAN STATUS,Veteran,2019,ES,17,49,0.2517985611510791,2018-10-01,2019-09-30,2018,0.6130268199233717
327,VETERAN STATUS,Veteran,2019,TH,8,47,0.12230215827338131,2018-10-01,2019-09-30,2018,0.40996168582375486
353,VETERAN STATUS,Veteran,2019,SH,5,30,0.12230215827338131,2018-10-01,2019-09-30,2018,0.47892720306513414
379,VETERAN STATUS,Veteran,2019,PH,44,205,0.1510791366906475,2018-10-01,2019-09-30,2018,0.49425287356321845
4,RACE,White,2017,SO,0,0,0.0,2016-10-01,2017-09-30,2016,0.47892720306513414
30,RACE,White,2017,ES,56,237,0.17266187050359713,2016-10-01,2017-09-30,2016,0.5708812260536399
56,RACE,White,2017,TH,2,64,0.02158273381294964,2016-10-01,2017-09-30,2016,0.3984674329501916
82,RACE,White,2017,SH,25,18,1.0,2016-10-01,2017-09-30,2016,1.0
108,RACE,White,2017,PH,46,329,0.10071942446043168,2016-10-01,2017-09-30,2016,0.0
134,RACE,White,2018,SO,3,8,0.2733812949640288,2017-10-01,2018-09-30,2017,0.5708812260536399
160,RACE,White,2018,ES,62,268,0.1654676258992806,2017-10-01,2018-09-30,2017,0.42145593869731807
186,RACE,White,2018,TH,17,99,0.12230215827338131,2017-10-01,2018-09-30,2017,0.45593869731800774
212,RACE,White,2018,SH,5,23,0.15827338129496404,2017-10-01,2018-09-30,2017,0.4980842911877395
238,RACE,White,2018,PH,58,368,0.11510791366906477,2017-10-01,2018-09-30,2017,0.45593869731800774
264,RACE,White,2019,SO,3,7,0.30935251798561153,2018-10-01,2019-09-30,2018,0.5823754789272031
290,RACE,White,2019,ES,59,227,0.18705035971223025,2018-10-01,2019-09-30,2018,0.4137931034482759
316,RACE,White,2019,TH,9,57,0.11510791366906477,2018-10-01,2019-09-30,2018,0.4406130268199234
342,RACE,White,2019,SH,2,22,0.06474820143884892,2018-10-01,2019-09-30,2018,0.45210727969348663
368,RACE,White,2019,PH,54,422,0.09352517985611512,2018-10-01,2019-09-30,2018,0.49425287356321845
396,RACE,White,2020,ES,76,398,0.1366906474820144,2019-10-01,2020-09-30,2019,0.5019157088122606
402,RACE,White,2020,PH,40,297,0.09352517985611512,2019-10-01,2020-09-30,2019,0.45593869731800774
407,RACE,White,2020,SH,7,21,0.2374100719424461,2019-10-01,2020-09-30,2019,0.5555555555555556
412,RACE,White,2020,SO,8,27,0.21582733812949642,2019-10-01,2020-09-30,2019,0.46743295019157094
416,RACE,White,2020,TH,6,71,0.057553956834532384,2019-10-01,2020-09-30,2019,0.39463601532567055
496,RACE,White,2021,ES,115,475,0.17266187050359713,2020-10-01,2021-09-30,2020,0.5402298850574713
503,RACE,White,2021,PH,44,380,0.08633093525179857,2020-10-01,2021-09-30,2020,0.43295019157088127
506,RACE,White,2021,SH,0,17,0.0,2020-10-01,2021-09-30,2020,0.43295019157088127
510,RACE,White,2021,SO,14,37,0.2733812949640288,2020-10-01,2021-09-30,2020,0.6245210727969349
517,RACE,White,2021,TH,7,69,0.07194244604316548,2020-10-01,2021-09-30,2020,0.3716475095785441
448,VETERAN,Yes,2020,ES,14,72,0.1366906474820144,2019-10-01,2020-09-30,2019,0.47892720306513414
451,VETERAN,Yes,2020,PH,42,176,0.17266187050359713,2019-10-01,2020-09-30,2019,0.4980842911877395
453,VETERAN,Yes,2020,SH,9,33,0.1942446043165468,2019-10-01,2020-09-30,2019,0.49042145593869735
456,VETERAN,Yes,2020,SO,1,4,0.1798561151079137,2019-10-01,2020-09-30,2019,0.471264367816092
458,VETERAN,Yes,2020,TH,10,44,0.1654676258992806,2019-10-01,2020-09-30,2019,0.471264367816092
478,DISABILITY,Yes,2020,ES,78,310,0.1798561151079137,2019-10-01,2020-09-30,2019,0.4865900383141763
481,DISABILITY,Yes,2020,PH,63,358,0.12949640287769784,2019-10-01,2020-09-30,2019,0.45210727969348663
483,DISABILITY,Yes,2020,SH,9,32,0.20143884892086336,2019-10-01,2020-09-30,2019,0.5172413793103449
486,DISABILITY,Yes,2020,SO,7,24,0.20863309352517986,2019-10-01,2020-09-30,2019,0.4827586206896552
489,DISABILITY,Yes,2020,TH,7,27,0.18705035971223025,2019-10-01,2020-09-30,2019,0.46743295019157094
546,VETERAN,Yes,2021,ES,26,84,0.22302158273381298,2020-10-01,2021-09-30,2020,0.4980842911877395
549,VETERAN,Yes,2021,PH,40,181,0.15827338129496404,2020-10-01,2021-09-30,2020,0.4444444444444445
550,VETERAN,Yes,2021,SH,2,24,0.057553956834532384,2020-10-01,2021-09-30,2020,0.4252873563218391
553,VETERAN,Yes,2021,SO,1,3,0.2374100719424461,2020-10-01,2021-09-30,2020,0.574712643678161
556,VETERAN,Yes,2021,TH,4,34,0.08633093525179857,2020-10-01,2021-09-30,2020,0.3984674329501916
579,DISABILITY,Yes,2021,ES,152,429,0.2517985611510791,2020-10-01,2021-09-30,2020,0.5670498084291188
582,DISABILITY,Yes,2021,PH,76,481,0.11510791366906477,2020-10-01,2021-09-30,2020,0.40613026819923376
584,DISABILITY,Yes,2021,SH,2,23,0.06474820143884892,2020-10-01,2021-09-30,2020,0.45210727969348663
587,DISABILITY,Yes,2021,SO,14,33,0.302158273381295,2020-10-01,2021-09-30,2020,0.6053639846743295
590,DISABILITY,Yes,2021,TH,13,85,0.10791366906474821,2020-10-01,2021-09-30,2020,0.3754789272030652
462,AGE,Young Adult,2020,ES,10,72,0.10071942446043168,2019-10-01,2020-09-30,2019,0.47892720306513414
467,AGE,Young Adult,2020,PH,8,44,0.12949640287769784,2019-10-01,2020-09-30,2019,0.49425287356321845
472,AGE,Young Adult,2020,SO,5,11,0.32374100719424465,2019-10-01,2020-09-30,2019,0.5823754789272031
476,AGE,Young Adult,2020,TH,5,21,0.17266187050359713,2019-10-01,2020-09-30,2019,0.3984674329501916
560,AGE,Young Adult,2021,ES,12,72,0.12230215827338131,2020-10-01,2021-09-30,2020,0.45210727969348663
564,AGE,Young Adult,2021,PH,14,60,0.1654676258992806,2020-10-01,2021-09-30,2020,0.5019157088122606
567,AGE,Young Adult,2021,SH,0,1,0.0,2020-10-01,2021-09-30,2020,0.39080459770114945
571,AGE,Young Adult,2021,SO,14,33,0.302158273381295,2020-10-01,2021-09-30,2020,0.6398467432950192
576,AGE,Young Adult,2021,TH,10,37,0.1942446043165468,2020-10-01,2021-09-30,2020,0.42145593869731807
